category_name,chinese_name,description
abies_concolor,白冷杉,"形态特征
高度：树高可达40-58.5米，胸径达99-271厘米。
花序：雌雄同株，雄花长1.6毫米，微红色，紧密地着生在1年生小枝下部；雌球花着生在1年生小枝上部。花期5-6月份。
球果：夏末成熟，长7.5-13厘米，颜色由微绿色变成棕色，成熟球果比重为0.85。
种子：9月份成熟，成熟3周后种子开始散落。
生长环境
原产于北美，天然分布于从太平洋沿岸的山岳地区到科罗拉多州中部，从俄勒冈州的中部到爱达荷州东南部，直至墨西哥北部。
生长于海拔600-3350米的地带，年降水量510-890毫米，通常冬季较长，生长季节较短。
主要价值
木材：白冷杉是通用的、可以满足各种造林目的的树种，木材可以直接用于建筑，也可以用于制作框架和板材。
观赏：幼树广泛用于圣诞树。
药用：树皮、叶和胶脂在传统医学中有一定用途，但缺乏科学证据支持其疗效，且过量摄入可能有害。"
abies_nordmanniana,高加索冷杉,"形态特征
高度：高可达61米，胸围5米。
树皮：幼树树皮光滑灰色，老树树皮粗糙，开裂。
叶片：生于枝下侧的叶水平状排列，上面的叶较短，向前斜伸。
球果：圆柱状，深棕色，种鳞近肾形，种子带翅。
生长环境
原产于小亚细亚高加索地区，生长在源自火成岩和花岗岩的深厚肥沃土壤上。
喜欢良好潮湿但不积水的土壤，在重粘土中生长良好。
喜欢微酸性条件，pH值低至约5，但比该属的许多其他成员更能耐受碱性条件。
主要价值
观赏：高加索冷杉是一种非常具有观赏性的树种，通常作为商业圣诞树种植。
木材：木材柔软而白色，用于建筑或纸浆。
造林：为山地造林和环境绿化、水土保持的优良树种。"
acer_campestre,栓皮槭,"形态特征
高度：高达15（-25）米。
树皮：灰色到浅棕色，随着年份的增长，逐渐形成纵向裂缝。
叶片：叶轮廓宽五边形，基部心形，秋季变黄色。
花序：伞房花序顶生，花淡黄绿色，5瓣，通常雌雄异株。
果实：翅果的翅近水平展开，无毛或短柔毛。
生长环境
生于海拔1600米以下的中温混合林地和栎属林地。
阳性或稍遮荫，在酸性和碱性土壤均能生长，耐干旱。"
acer_ginnala,茶条槭 ,"形态特征
高度：5-6米
树皮：粗糙、微纵裂，灰色，稀深灰色或灰褐色
枝条：小枝细瘦，近于圆柱形，无毛，当年生枝绿色或紫绿色，多年生枝淡黄色或黄褐色
叶片：长圆卵形或长圆椭圆形，长6-10厘米，宽4-6厘米，常较深的3-5裂
花序：伞房花序无毛，雄花与两性花同株，花瓣长圆卵形白色
果实：黄绿色或黄褐色，翅连同小坚果长2.5-3厘米
生长环境与分布
生长于海拔800米以下的丛林中
分布于中国黑龙江、吉林、辽宁等地，在蒙古、朝鲜和日本等国也有分布
应用价值
茶条槭的根、树皮、果实可入药，有祛风湿、活血、清热利咽的功效
观赏价值高，株形自然，可作绿篱及窄街、小巷行道树，丛植、群植于公园、绿地，还可作盆栽
嫩叶可加工制成茶叶，花为良好蜜源，种子可榨油，树皮纤维可代麻做纸浆、人造棉等原料，木材可供细木加工"
acer_griseum,血皮槭,"形态特征
高度：10-20米
树皮：赭褐色，常薄片状脱落
枝条：小枝圆柱形，当年生枝淡紫色，密被淡黄色长柔毛
叶片：小叶厚纸质，卵形、桶圆形或矩圆形，顶端钝尖
花序：聚伞花序被长柔毛，花瓣长圆状倒卵形
果实：果核黄褐色，翅成锐角或近直角
生长环境与分布
多生于海拔1500-2000米的疏林中
产于中国河南西南部、陕西南部、湖北西部、四川东部
应用价值
观赏价值高，适合小型造景，树皮薄纸状剥裂，奇特可观
木材坚硬细致，有光泽，是优良的建筑、家具用材
种子含油率高，优质清香，含较多的蛋白质和脂肪酸"
acer_negundo,梣叶枫,"形态特征
高度：9-15米
叶片：复叶，有小叶片3、5或7枚，叶缘有粗锯齿
果实：翅果，内有种子一粒
生长环境与分布
原产于美国中部及东部，引入欧洲后已广泛栽培
应用价值
观赏价值高，供观赏
树液可制糖浆或糖
木材供制条板箱、家具、纸浆及烧炭用
综上所述，茶条槭、血皮槭和梣叶枫在形态特征、生长环境和应用价值等方面均有显著差异。"
acer_palmatum,鸡爪槭,"形态特征
树皮深灰色，树冠伞形。
枝条开张，细弱，小枝紫或淡紫绿色，老枝淡灰紫色。
叶近圆形，基部心形或近心形。
伞房花萼片卵状披针形，花瓣椭圆形或倒卵形。
幼果紫红色，熟后褐黄色，果核球形，脉纹显著，两翅成钝角。
生长习性
弱阳性树种，耐半阴。
喜温暖湿润的气候和肥沃、湿润而排水良好的土壤。
耐寒性不强，酸性、中性及石灰质土均能适应。
主要价值
观赏价值高，入秋后叶色转为鲜红色，色艳如花。
对二氧化硫和烟尘等抵抗能力和吸收能力均较强，是较好的“四旁”绿化树种。
枝、叶辛，味微苦，能行气止痛，解毒消痛。"
acer_pensylvanicum,条纹槭,"形态特征
翅果的翅以锐角展开或宽展开，小坚果近扁平。
花黄绿色，5瓣，花梗纤细。
翅果长1.8-2.5厘米，翅以锐角展开或宽展开。
生长习性
原产于北美，广泛分布在美国东北部和加拿大东南部。
生长在棕色和灰棕色灰化土，也生长在强风化和浸出的灰化土以及深色黑化土壤上。
喜酸性土壤，深谷阴凉的北坡生长较好。
主要价值
富有观赏性，可作造林的中层树种或林缘树种。
在园林中多配置于大型乔木一角或群植作背景树。"
acer_platanoides,挪威槭,"形态特征
株高9-12米，叶片5裂，叶形秀丽。
早春开花，花黄绿色，伞状花序。
秋季叶色按品种不同可分为金黄、橙红、酱紫、紫红等色。
生长习性
性喜温凉气候，喜酸性土。
在肥沃有机土壤、腐殖质丰富、土壤深厚处生长旺盛。
较其他槭树更适应干燥、高温和碱性土壤，且耐寒性强，可耐-40℃低温。
主要价值
观赏价值高，是小型花园的优良树种，也可作为行道树栽培。
可与多种松柏类植物相搭配种植。"
acer_pseudoplatanus,欧亚槭,"形态特征
树高可达35米或以上，树皮由灰色变为浅棕色。
小枝无毛，紫红色到棕色。
叶纸质，轮廓宽五边形，基部心形，（3-）5裂。
生长习性
生于海拔700-2000米的混合落叶林。
耐干旱，能适应酸性土壤或石灰性介质，能承受含盐的海风。
耐寒极限-32℃。
主要价值
宜作盐碱地绿化的上层树种，海滨城市的行道树。
品种多样，如紫叶欧亚槭、壮丽欧亚槭等，均具有较高的观赏性。"
acer_rubrum,红花槭,"形态特征：
树冠圆形，叶对生，秋季叶片变为绚丽的红色。
茎干光滑无毛，随着生长会由绿色变成红色至棕色。
花小繁密，多红色，花期3-4月。
生长习性：
原产于美国东海岸，喜光，耐涝、喜肥，但不耐旱、不耐盐。
适合沙壤、黏土等多种土壤环境。
观赏与应用：
红花槭可配植为良好的庭阴树、行道树，也可在公园中孤植独立成景或片植，营造红色风景林。
其果实、树皮和叶子也有一定的经济价值。"
acer_saccharinum,银白槭,"形态特征：
树冠丰满，秋叶黄，生长速度快而旺盛。
树枝直立，叶片分裂，墨绿色，叶对生，秋季叶色亮黄色和柠檬色。
因其夏季叶背银色，故名银白槭。
生长习性：
原产于北美，后引入中国东北、华北地区栽培。
喜凉爽、潮湿、排水性好的酸性到碱性土壤，生长速度快，喜光，亦稍耐阴。
观赏与应用：
树形优美，树叶优雅，可植为行道树和风景树。
其木材为精细木制品用材，常用于乐器制造。"
acer_saccharum,糖槭,"形态特征：
树冠圆形，树皮黄褐色或灰褐色。
奇数羽状复叶，叶缘具疏锯齿，绿色；雌雄异株，雌花为总状花序，花小下垂。
翅果扁平，两果开展成锐角或近直角。
生长习性：
原产北美洲，中国东北、华北及以南地区多年引种栽培。
喜光，耐旱，喜干冷气候，耐轻度盐碱，耐烟尘，耐严寒。
观赏与应用：
糖槭树冠广阔，是理想的地市园林绿化树种。
其汁液可以制成糖槭浆，是烤松糕的必备调料。
木材中等硬度，轻重，淡黄褐色，可作为建筑、地板、家具等用材。"
aesculus_flava,黄花七叶树,"形态特征：
株高15米，叶对生，由5-7枚小叶组成的掌状复叶，具较长的叶柄。
小叶卵形，秋季变为红色。花黄色，花瓣4-5，倒卵形、倒披针形或匙形。
生长习性：
原产于美国中部和东部，中国可在北至华北，南至江苏、安徽、湖北北部区域内生长。
喜阳光，稍耐阴，也能耐寒，适宜生长于气候温暖湿润地区。
观赏与应用：
枝干挺拔，树姿优雅，花叶均具较高的观赏价值。
种子和幼枝外皮的乙醇制剂用于解热、治疗痒疮和静脉曲张等疾病。"
aesculus_glabra,光叶七叶树,"类似其他七叶树属植物，具有掌状复叶，叶片可能呈亮黄、棕红或桶红色，是良好的观赏植物。
具体生长习性和观赏价值可能因品种和生长环境而异。"
aesculus_hippocastamon,欧洲七叶树,"树冠宽广，树形优美，是欧洲常见的行道树和庭园树。
果实（马栗）具有毒性，需谨慎处理。"
aesculus_pavi,北美红花七叶树,"形态特征
落叶乔木，树高一般3-6米，最高可达12米。
树皮灰褐色，片状剥落，小枝粗壮，栗褐色，光滑无毛。
掌状复叶小叶通常5枚，成树5-7枚，无柄，叶片倒卵形至长椭圆形，边缘有不规则重锯齿。
花期4-5月，圆锥花序，红色，花枝长10-20厘米，每朵花长4厘米左右。
果球形或倒卵形，于9月下旬至10月中下旬成熟。
生长习性
喜阳光，稍耐阴，适生于气候温暖、湿润地区。
能耐-43℃低温，在深厚肥沃、排水良好的土壤中生长最好最快。
观赏与应用
北美红花七叶树姿态壮丽，树冠丰满，叶大奇特、形美，顶生红色总状花序，直立于叶簇之中，火红似华丽的烛台，十分美观。
为世界园林观赏绿化树种之一，可作为行道树和庭院观赏树，亦可配置于公园、庭院、厂矿和学校作为景观点缀树种。"
ailanthus_altissima,臭椿,"形态特征
落叶乔木，高可达30米，树冠阔大圆整，呈半球状。
小枝粗壮，奇数羽状复叶，基部有1—2对腺齿，臭椿的异味主要由此处发出。
花杂性异株，顶生圆锥花絮，柠檬黄色，翅果呈纺锤形，未熟时嫩黄色，熟时淡褐黄色或淡红褐色。
生长习性
喜光，生长较快，适应性强，耐干旱、瘠薄，但不耐水湿。
观赏与应用
臭椿树皮、根皮、果实可入药，有清热燥湿、止血、杀虫的功效。
用作建筑和家具用材，观赏树种和庭荫树种，强抗逆树种，造纸的材料等。
净化空气的能力强，椿叶可以饲养樗蚕，丝可织椿绸。"
albizia_julibrissin,合欢,"形态特征
落叶乔木，树高可达16米，人工特别养护的可达30米。
二回羽状复叶，羽片4-12对；小叶10-30对。
头状花序于枝顶排成圆锥花序；花粉红色，花萼管状，花萼、花冠外均被短柔毛；荚果带状，嫩荚有柔毛，老荚无毛。
生长习性
主要生长在温带、亚热带以及热带地区，喜光照，生态适应性强，耐瘠薄、抗逆性强、具极强的抗旱性、能适应多种气候条件，20℃左右为最适温度，冬季能耐-10℃低温。
观赏与应用
合欢的寓意为“百年好合”，树形美观优雅，花色鲜艳，可以净化空气，是一种保护生态的植物，还具有一定的药用价值。
合欢生长能力较强，培育成本较低，是具有较高园林绿化价值的植物。"
amelanchier_arborea,树唐棣,"形态特征
落叶灌木或小乔木，树高可达4.5-7.5米。
叶片在初生时覆盖有绒毛，成熟后变为绿色。秋季时叶片颜色丰富，从黄色、橘黄色到深红色。
花朵白色，花期在春季，与叶子生长同步。
果实从绿色逐渐变为红色，最后成熟时为黑紫色，味道甜美可食用。
生长习性
喜光，喜温暖湿润的气候。
耐寒、耐旱、耐瘠薄，适应性强，能在各种土壤环境中生长。
观赏与应用
树唐棣的秋季叶色变化丰富，花朵和果实也具有一定的观赏价值。
可用于边缘绿化，如河岸、岩石坡等地。
果实可食用，也可用于制作果酱等食品。"
amelanchier_canadensis,加拿大唐棣,"形态特征
落叶灌木或小乔木，树形优美。
叶片绿色，秋季转为黄色或红色。
花朵白色或粉红色，花期春季。
果实为浆果，成熟时呈暗紫色或黑色，味甜可食。
生长习性
喜光、耐寒、耐旱、耐盐碱。
适应性强，能在多种土壤环境中生长。
观赏与应用
观赏价值高，可用于园林绿化、庭院美化等。
果实富含营养，可食用或加工成果酱等食品。"
amelanchier_laevis,唐棣,"形态特征
落叶灌木或小乔木，树形、叶片、花朵和果实因品种而异。
叶片多为绿色，秋季可变为黄色、红色等。
花朵多为白色或粉红色，花期春季。
果实为浆果，成熟时颜色各异，味甜可食。
生长习性
喜光、耐寒、耐旱、耐盐碱。
适应性强，能在多种土壤环境中生长。
观赏与应用
观赏价值高，可用于园林绿化、庭院美化等。
果实富含营养，可食用或加工成果酱等食品。"
asimina_triloba,巴婆果,"形态特征
落叶乔木或灌木，树高可达12米。
叶片大而宽，深绿色。
花朵小，黄绿色，有香气。
果实为聚合果，形似香蕉，外皮绿色，成熟时变为黄色或棕色，内含多个黑色种子，果肉味甜可食。
生长习性
喜光、耐寒、耐旱、耐盐碱。
适应性强，能在多种土壤环境中生长。
观赏与应用
果实形状奇特，观赏价值高。
果实味甜可食，也可用于制作果汁等食品。"
betula_alleghaniensis,加拿大黄桦,"形态特征
落叶乔木，树高可达30米。
树皮光滑，呈黄灰色或黄褐色。
叶片卵形或椭圆形，边缘有细齿。
春季开花，雄花序下垂，雌花序短而直立。
生长习性
喜光、耐寒、耐旱、耐盐碱。
适应性强，能在多种土壤环境中生长。
观赏与应用
树干光滑，树皮颜色独特，观赏价值高。
木材纹理美观，可用于家具、建筑等领域。"
betula_jacqemontii,桦木科,"桦木科（学名：Betulaceae Gray）是山毛榉目下的一个科，模式属为桦木属。
该科植物主要为落叶乔木或灌木，小枝及叶有时具树脂腺体或腺点。
单叶互生，叶缘具重锯齿或单齿，叶脉羽状。
花单性，雌雄同株，风媒传粉；雄花序顶生或侧生，春季或秋季开放。果序多样，果为小坚果或坚果。
桦木科共6属，100余种，主要分布于北温带，在中国也有广泛分布。"
betula_lenta,黑桦,"形态特征
落叶乔木，树高可达30米，树冠宽广。
树皮光滑，呈深黑色或暗褐色，有纵裂纹。
叶片卵形至椭圆形，边缘有细齿，秋季变为黄色或橙红色。
生长习性
耐寒、耐旱、耐盐碱，适应性较强。
喜光照充足的环境，也能在部分遮阴的条件下生长。
观赏与应用
树皮颜色独特，秋季叶色鲜艳，是良好的观赏树种。
木材质地坚硬，可用于家具、建筑等领域。"
betula_nigra,河岸黑桦,"形态特征
与黑桦相似，但可能具有更强的耐水湿能力。
树冠形状和叶片特征可能因生长环境的不同而有所变化。
生长习性
适生于河岸、湿地等水分充足的环境中。
观赏与应用
除了作为观赏树种外，还能在生态修复和水土保持中发挥重要作用。"
betula_populifolia,灰桦,"形态特征
落叶乔木，树形优美，枝条下垂。
树皮灰色，光滑，有纵向裂纹。
叶片椭圆形或卵形，边缘有细齿，秋季变为黄色或金黄色。
生长习性
耐寒、耐旱、耐盐碱，适应性强。
喜光照充足的环境，也能在部分遮阴的条件下生长。
观赏与应用
枝条下垂，形成优雅的树冠，是城市绿化和园林造景中的常用树种。"
broussonettia_papyrifera,桦树,"形态特征
落叶乔木或灌木，树皮光滑或有裂纹，叶片多为卵形或椭圆形。
不同品种的桦树在树形、树皮颜色、叶片形态等方面可能存在差异。
生长习性
耐寒、耐旱、耐盐碱，适应性强。
喜光照充足的环境，但也能在部分遮阴的条件下生长。
观赏与应用
桦树是北方地区常见的绿化树种之一，具有较高的观赏价值。
木材质地优良，可用于家具、建筑等领域。"
carpinus_betulus,欧洲牲耳枥,"形态特征
落叶乔木或灌木，树皮灰色或灰褐色。
叶片椭圆形或卵形，边缘有细齿。
果实为坚果，包被在硬壳内。
生长习性
耐寒、耐旱、耐盐碱。
喜光照充足的环境，也能在部分遮阴的条件下生长。
观赏与应用
叶片和果实具有一定的观赏价值。
木材可用于家具、建筑等领域。"
carpinus_caroliniana,美洲鹅耳枥,"形态特征
落叶乔木或灌木，树形优美。
叶片形态和果实特征可能与欧洲牲耳枥相似，但存在细微差异。
生长习性
适应性强，能在多种土壤环境中生长。
观赏与应用
具有较高的观赏价值。
木材可用于家具、建筑等领域。"
carya_cordiformis,苦味山核桃,"形态特征
落叶乔木，树高可达30米，树冠宽广。
树皮粗糙，灰褐色，有深纵裂。
叶片椭圆形或卵形，边缘有细齿，秋季变为黄色或红褐色。
果实为坚果，外壳坚硬，内含油性种子，种子味苦。
生长习性
耐寒、耐旱、耐盐碱，适应性强。
喜光照充足的环境，也能在部分遮阴的条件下生长。
观赏与应用
木材坚硬且纹理美观，是制作高档家具、地板和乐器的优质材料。
果实虽味苦，但具有药用价值。"
carya_glabra,光皮山核桃,"形态特征
落叶乔木，树形高大。
树皮相对光滑，呈灰白色，有浅裂纹。
叶片形态与苦味山核桃相似，但可能更为宽大。
果实也为坚果，但外壳和种子的特性可能与苦味山核桃有所不同。
生长习性
喜光、耐寒、耐旱。
观赏与应用
木材同样具有价值，但可能不如苦味山核桃珍贵。
果实和种子也有一定的经济价值。"
carya_ovata,粗皮山核桃,"形态特征
落叶乔木，树皮特别粗糙，呈深灰褐色，有深纵裂和鳞片状剥落。
叶片边缘有锯齿状缺刻，与其他山核桃品种有所区别。
果实和种子的特征与其他山核桃相似。
生长习性
耐寒、耐旱、耐瘠薄。
观赏与应用
主要以木材利用为主，因其树皮粗糙而具有一定的观赏特色。"
carya_tomentosa,绒毛山核桃,"形态特征
落叶乔木，树高可达30米。
幼枝、幼叶及芽鳞均密被柔毛，这是其显著特征。
叶片较大，椭圆形或卵形，边缘有细齿。
果实为坚果，外壳有细绒毛，内含油性种子。
生长习性
耐寒、耐旱、耐盐碱。
喜光照充足的环境。
观赏与应用
木材具有价值，但更常用于制作工艺品和家具配件。
果实和种子也有一定的经济价值。"
castanea_dentata,美国栗,"形态特征
落叶乔木，树高可达30米，树冠宽广。
树皮灰褐色，有深纵裂。
叶片椭圆形或披针形，边缘有锯齿。
果实为坚果，外包刺壳，成熟时开裂，内含大型种子，即栗子。
生长习性
耐寒、耐旱、耐瘠薄。
喜光照充足的环境，但也能在部分遮阴的条件下生长。
观赏与应用
果实可食用，营养丰富。
木材也可用于家具制作。"
catalpa_bignonioides,美国梓树,"形态特征
落叶乔木，树形高大优美。
叶片大而宽，心形或掌状复叶。
花朵大而美丽，多为白色或淡紫色，具有芳香。
果实为长条形荚果。
生长习性
喜光、耐寒、耐旱。
观赏与应用
因其花朵美丽而常作为观赏树种。
木材也有一定的利用价值。"
catalpa_speciosa,黄金树,"形态特征
落叶乔木，树形高大挺拔，树冠呈伞形。
叶片宽大，呈掌状复叶，小叶对生或互生，边缘有锯齿。
花朵金黄色，大而美丽，具有浓郁的芳香，常成簇开放。
果实为长条形荚果，成熟时开裂。
生长习性
喜光、耐寒、耐旱、耐盐碱。
对土壤适应性广，但在肥沃、排水良好的土壤中生长最佳。
观赏与应用
因其金黄色的花朵而备受喜爱，是优秀的观花树种。
木材纹理通直，质地轻软，可用于家具、建筑等领域。"
cedrus_atlantica,大西洋雪松,"形态特征
常绿乔木，树形高大雄伟，树冠呈尖塔形。
树皮红褐色，裂成鳞片状块片脱落。
叶片为针形，深绿色，有光泽。
球果较大，成熟时红褐色。
生长习性
喜温暖湿润的气候，耐寒性较强。
对土壤要求不严，但在深厚肥沃、排水良好的土壤中生长最佳。
观赏与应用
是著名的园林观赏树种，常用于城市绿化和庭院美化。
木材具有香气，可用于制作家具、工艺品等。"
cedrus_deodara,喜马拉雅雪松,"形态特征
形态与大西洋雪松相似，但可能更为高大挺拔。
叶片和球果的特征也相似，但可能因生长环境的不同而有所差异。
生长习性
喜凉爽湿润的气候，耐寒性较强。
对土壤要求不严，但在深厚肥沃、排水良好的土壤中生长更佳。
观赏与应用
与大西洋雪松相似，也是优秀的园林观赏树种和木材来源。"
cedrus_libani,黎巴嫩雪松,"形态特征
形态上与其他雪松品种相似，但可能具有更为独特的枝叶形态和球果特征。
生长习性
喜凉爽湿润的气候条件。
观赏与应用
同样是珍贵的园林观赏树种和木材资源。"
celtis_occidentalis,美洲朴,"形态特征
落叶乔木或灌木，树形高大。
树皮灰褐色，有纵裂纹。
叶片卵形或椭圆形，边缘有锯齿。
果实为核果，成熟时黑色。
生长习性
耐寒、耐旱、耐盐碱。
对土壤适应性广，但在肥沃、排水良好的土壤中生长更佳。
观赏与应用
木材可用于家具制作和建筑领域。
在园林景观中也有一定的应用价值。"
celtis_tenuifolia, 细叶枳,"形态特征
常绿灌木或小乔木，叶片细小而密集，三出复叶。
花朵白色或淡黄色，具有芳香。
果实为圆形或扁圆形，成熟时橙黄色。
生长习性
喜温暖湿润的气候条件。
对土壤适应性广，但在肥沃、排水良好的土壤中生长更佳。
观赏与应用
常用于盆景制作和园林绿化。
果实可食用或药用。"
cercidiphyllum_japonicum,连香树,"形态特征
落叶大乔木，树形高大，树冠呈圆锥形。
叶片宽大，单叶对生，边缘有锯齿，秋季变黄或红色，非常美丽。
花朵小而不显眼，黄绿色，春季开放。
果实为蒴果，内含多粒种子。
生长习性
喜温暖湿润的气候条件，耐寒性较强。
对土壤要求不严，但在肥沃、排水良好的土壤中生长更佳。
观赏与应用
因其秋季叶色美丽而备受喜爱，是优秀的观叶树种。
木材也有一定的利用价值。"
cercis_canadensis, 加拿大紫荆,"形态特征
落叶灌木或小乔木，树形优美。
叶片心形或卵形，边缘有锯齿。
花朵紫红色或粉红色，大而美丽，春季开放，成簇生于老枝上。
生长习性
喜光、耐寒、耐旱。
对土壤适应性广，但在肥沃、排水良好的土壤中生长更佳。
观赏与应用
是优秀的观花树种，常用于庭院绿化和景观营造。"
chamaecyparis_pisifera,羽叶花柏,"形态特征
常绿乔木，树冠浓密，枝条柔软下垂。
叶片呈羽状排列，扁平而柔软，形似羽毛。
生长习性
喜温暖湿润的气候条件。
对土壤要求不严，但在肥沃、排水良好的土壤中生长更佳。
观赏与应用
因其独特的枝叶形态而备受喜爱，是优秀的观赏树种。"
chamaecyparis_thyoides,美国尖叶扁柏,"形态特征
常绿乔木，树形挺拔。
叶片尖细，呈扁平状，排列紧密。
球果较小，成熟时呈蓝黑色。
生长习性
耐寒、耐旱、耐盐碱。
对土壤适应性广，但在肥沃、排水良好的土壤中生长更佳。
观赏与应用
常用于行道树、庭院树或景观树。"
chionanthus_retusus,流苏树,"形态特征
落叶灌木或小乔木，树形优美。
叶片椭圆形或卵形，边缘有锯齿。
春季开花，花朵白色，细小而密集，形成下垂的流苏状花序，非常美丽。
生长习性
喜光、耐寒、耐旱。
对土壤适应性广，但在肥沃、排水良好的土壤中生长更佳。
观赏与应用
是优秀的观花树种，常用于庭院绿化和景观营造。"
chionanthus_virginicus,美国流苏树,"形态特征
形态上与中国流苏树相似，但可能具有更为独特的枝叶形态和花序特征。
生长习性
喜温暖湿润的气候条件。
观赏与应用
与中国流苏树相似，也是优秀的观花树种。"
cladrastis_lutea,深黄香槐,"形态特征
落叶乔木或灌木，树形优美。
叶片绿色，复叶对生，小叶呈椭圆形或卵形。
花朵黄色，具有浓郁的芳香，是夏季的观赏亮点。
生长习性
喜光、耐寒、耐旱。
对土壤适应性广，但在肥沃、排水良好的土壤中生长更佳。
观赏与应用
因其芳香的花朵而备受喜爱，是优秀的观花树种。
木材和树皮也有一定的经济价值。"
cornus_florida,大花四照花,"形态特征
落叶灌木或小乔木，树形优美。
叶片绿色，对生或互生。
花朵大而美丽，通常为白色或粉红色，春季开放。
秋季果实成熟时呈鲜红色，非常引人注目。
生长习性
喜光、耐寒、耐旱。
对土壤适应性广，但在肥沃、排水良好的土壤中生长更佳。
观赏与应用
是优秀的观花和观果树种，常用于庭院绿化和景观营造。"
cornus_kousa,日本四照花,"形态特征
形态上与大花四照花相似，但可能具有更为独特的枝叶形态和果实特征。
生长习性
喜温暖湿润的气候条件。
观赏与应用
与大花四照花相似，也是优秀的观花和观果树种。"
cornus_mas,欧洲山茱萸,"形态特征
落叶灌木或小乔木，树形紧凑。
叶片羽状复叶，小叶呈椭圆形或卵形。
花朵白色或粉红色，春季开放。
果实红色或黄色，形似鸡脚，故名鸡脚山楂。
生长习性
喜光、耐寒、耐旱。
观赏与应用
果实可食用或制作成果酱等食品，同时树形和花朵也具有一定的观赏价值。"
crataegus_crus-galli,鸡脚山楂,"形态特征
落叶灌木或小乔木，树形紧凑。
叶片羽状复叶，小叶呈椭圆形或卵形。
花朵白色或粉红色，春季开放。
果实红色或黄色，形似鸡脚，故名鸡脚山楂。
生长习性
喜光、耐寒、耐旱。
观赏与应用
果实可食用或制作成果酱等食品，同时树形和花朵也具有一定的观赏价值。"
crataegus_laevigata,亮叶山楂,"形态特征
落叶灌木或小乔木，树形紧凑。
叶片光滑且光亮，通常为椭圆形或卵形。
花朵白色或粉红色，春季开放，香气浓郁。
果实红色或黄色，可食用或制作成果酱等食品。
生长习性
喜光、耐寒、耐旱。
对土壤适应性广，但在肥沃、排水良好的土壤中生长更佳。
观赏与应用
果实和花朵均具观赏价值，同时果实也可食用。"
crataegus_phaenopyrum,北美海棠,"形态特征
落叶小乔木或大灌木，树形优美。
叶片绿色，有时带有红晕。
花朵粉色、白色或红色，春季开放，非常美丽。
果实多为红色或黄色，有的品种果实可食用。
生长习性
喜光、耐寒、耐旱。
对土壤适应性广，但在肥沃、排水良好的土壤中生长更佳。
观赏与应用
是优秀的观花和观果树种，常用于庭院绿化和景观营造。"
crataegus_pruinosa,白霜山楂,"形态特征
与普通山楂相似，但果实表面覆盖有一层白色霜状物质，使其看起来更加独特。
生长习性
与普通山楂相似，喜光、耐寒、耐旱。
观赏与应用
果实表面的白霜增加了其观赏价值，同时果实也可食用或制作成果酱等食品。"
crataegus_viridis,山楂,"形态特征
树形：Crataegus viridis通常呈树状，具有较高的树高和树幅。具体而言，其树高可达20-35英尺（约6-11米），树幅也相当，这使得它在园林景观中具有一定的视觉冲击力。
开花：该植物在五月开花，花朵颜色可能因品种和生长环境而异，但通常山楂属植物的花朵以白色或粉色为主，形成美丽的花簇。
生长习性
适应性：Crataegus viridis对生长环境有一定的适应性，但具体养护条件可能因品种和地理位置而异。
养护成本：一般来说，其养护成本相对较低，适合作为园林绿化植物进行种植。
观赏与应用
观赏价值：由于其独特的树形、美丽的花朵和相对较低的养护成本，Crataegus viridis在园林景观设计中具有较高的观赏价值。它可以作为行道树、庭荫树或孤植树种植，为城市绿化增添一抹亮色。
其他应用：除了观赏价值外，Crataegus viridis的果实和叶子也可能具有一定的药用价值或经济价值，但具体用途需要根据品种和生长环境进行评估。"
cryptomeria_japonica,圆球柳杉,"形态特征
常绿乔木，树冠紧密且呈圆球形，因此得名“圆球柳杉”。
叶片呈针状，密集排列在枝条上，呈深绿色。
树皮红褐色，光滑或有裂纹。
生长习性
喜温暖湿润的气候条件，但也能适应较寒冷的环境。
对土壤要求不严，但在肥沃、排水良好的土壤中生长更佳。
观赏与应用
因其独特的树形而备受喜爱，是优秀的观赏树种，常用于庭院绿化、公园景观和行道树。"
diospyros_virginiana,弗吉尼亚柿,"形态特征
落叶或常绿乔木（根据品种和生长环境而异），树形高大。
叶片椭圆形或卵形，表面光滑。
花朵小而不显眼，黄绿色。
果实为柿子，成熟时呈橙黄色或红色，可食用。
生长习性
喜光、耐寒、耐旱，对土壤适应性广。
观赏与应用
果实可食用，同时树形也具有一定的观赏价值，适合作为庭院树或景观树。"
eucommia_ulmoides,杜仲树,"形态特征
落叶乔木，树形高大，树冠开展。
叶片椭圆形或卵形，边缘有锯齿。
树皮灰色，粗糙。
生长习性
喜温暖湿润的气候条件，耐寒性较强。
对土壤要求不严，但在肥沃、排水良好的土壤中生长更佳。
观赏与应用
树皮和叶子含有杜仲胶，具有独特的经济价值。同时，树形也具有一定的观赏价值。"
evodia_daniellii,臭檀吴萸,"形态特征
常绿乔木或灌木，树形紧凑。
叶片革质，有光泽，通常为奇数羽状复叶。
花朵小，黄色或白色，组成圆锥花序。
果实为蒴果，成熟时开裂，散发特殊气味。
生长习性
喜温暖湿润的气候条件，不耐寒。
对土壤适应性广，但在肥沃、排水良好的土壤中生长更佳。
观赏与应用
因其独特的香气和药用价值而受到关注，同时树形也具有一定的观赏价值。"
fagus_grandifolia,美国水青冈,"形态特征
落叶大乔木，树形高大优美。
叶片宽大，秋季变为金黄色，非常美丽。
果实为坚果，包裹在硬壳内。
观赏与应用
是优秀的行道树和庭荫树种，秋季的叶色变化尤为壮观。
木材坚硬耐用，具有较高的经济价值。"
ficus_carica,无花果,"形态特征
落叶灌木或小乔木，树形开张。
叶片宽大，绿色。
果实为隐花果，内部充满细小的花序和果肉，味道甜美。
观赏与应用
果实可食用，营养丰富。
树形和叶片也具有一定的观赏价值，常用于庭院绿化。"
fraxinus_nigra,黑梣木,"形态特征
落叶大乔木，树形高大挺拔。
叶片形似马褂，秋季变为金黄色。
花朵形似郁金香，非常美丽。
观赏与应用
是优秀的行道树和庭荫树种，秋季的叶色变化尤为壮观。
木材也是高档家具和建筑材料的优质来源。"
fraxinus_pennsylvanica,洋白蜡,"形态特征
落叶乔木，树形高大。
叶片对生，绿色。
果实为翅果，成熟时带有翅膀，易于传播。
观赏与应用
是优秀的行道树和庭荫树种，对土壤和气候的适应性较强。
木材也具有一定的经济价值。"
ginkgo_biloba,银杏,"形态特征
落叶大乔木，树形优美。
叶片扇形，秋季变为金黄色。
果实为银杏果，外被白粉。
观赏与应用
是著名的观赏树种，秋季的叶色变化尤为美丽。
银杏果和叶片也具有一定的药用价值。"
gleditsia_triacanthos,美国皂荚,"形态特征
落叶乔木或灌木，树形开张。
叶片复叶，小叶呈椭圆形或卵形。
果实为荚果，内含多颗种子，种子外被硬刺。
观赏与应用
果实和树形具有一定的观赏价值。
木材和种子也具有一定的经济价值。"
gymnocladus_dioicus,美国肥皂荚,"美国肥皂荚 ( Gymnocladus dioicus (L. ) K. Koch)属豆科肥皂荚属。
株高可达30M，胸径可达1.2M。树冠卵圆，冠幅达15M。
枝无刺，雌雄异株，雌株花序圆锥形顶生，雄株花簇生状，花绿白色，花期6月"
halesia_tetraptera,四翅银钟花,"形态特征
落叶乔木或灌木，树形优美。
叶片对生或互生，绿色。
花朵白色或粉红色，春季开放，香气浓郁。
果实成熟时呈红色或黑色，带有四个翅膀。
观赏与应用
是优秀的观花和观果树种，果实和树形都具有一定的观赏价值。"
ilex_opaca,北美冬青,"形态特征
落叶灌木或小乔木，树形紧凑。
叶片常绿或冬季落叶，具体因品种而异。
果实为红色或橙色的小浆果，冬季不落，非常美丽。
观赏与应用
是优秀的观果树种，冬季的果实尤为引人注目。
常用于切枝观赏和盆栽。"
juglans_cinerea,灰胡桃,"形态特征
落叶乔木，树形高大。
叶片复叶，小叶呈椭圆形或卵形。
果实为坚果，外被硬壳。
观赏与应用
木材坚硬耐用，是家具和建筑材料的优质来源。
树形和叶片也具有一定的观赏价值。"
juglans_nigra,黑核桃木,"形态特征
落叶乔木，树形高大。
叶片和果实特征与灰胡桃相似，但具体形态可能有所不同。
观赏与应用
木材价值极高，被誉为“硬木之王”，广泛用于家具、地板和乐器制作。
树形和叶片也具有一定的观赏价值。"
juniperus_virginiana,北美圆柏,"形态特征
常绿乔木或灌木，树形紧凑。
叶片为针状，密集排列。
果实为球果，内含种子。
观赏与应用
是优秀的常绿观赏树种，常用于园林绿化和盆栽。
木材和种子也具有一定的经济价值。"
koelreuteria_paniculata,栾树,"形态特征
落叶乔木或灌木，树形高大。
叶片复叶，小叶呈卵形或椭圆形。
夏季开花，花朵黄色，秋季果实成熟时呈红色或褐色，形似灯笼。
观赏与应用
是优秀的观花和观果树种，夏季的花朵和秋季的果实都非常美丽。
木材也具有一定的经济价值。"
larix_decidua,欧洲落叶松,"形态特征
落叶乔木，树形高大挺拔。
叶片针状，秋季落叶。
果实为球果，成熟时开裂。
观赏与应用
是优秀的观赏树种，秋季的叶色变化尤为美丽。
木材也具有较高的经济价值。"
liquidambar_styraciflua,北美枫香,"形态特征
落叶乔木，树形高大。
叶片掌状分裂，秋季变为红色、黄色或橙色，非常美丽。
果实为翅果，带有翅膀，易于传播。
观赏与应用
是著名的秋色叶树种，秋季的叶色变化尤为壮观。
木材也具有一定的经济价值。"
liriodendron_tulipifera,北美鹅掌楸,"形态特征
落叶大乔木，树形高大挺拔。
叶片形似马褂，秋季变为金黄色。
花朵形似郁金香，非常美丽。
观赏与应用
是优秀的行道树和庭荫树种，秋季的叶色变化尤为壮观。
木材也是高档家具和建筑材料的优质来源。"
maclura_pomifera,橙桑,"形态特征
落叶乔木或灌木，树形开张。
叶片绿色，有时带有红晕，秋季可能变色。
果实为桑葚，成熟时呈橙红色，味道甜美多汁。
观赏与应用
果实可食用，营养价值高。
树形和叶片也具有一定的观赏价值，适合庭院绿化。"
magnolia_acuminata,渐尖木兰,"形态特征
常绿或落叶乔木，具体取决于种类。
叶片渐尖，花大且香，花瓣多为白色或粉色。
观赏与应用
是优秀的观花树种，花朵美丽且香气浓郁。
在园林中常用于庭院绿化和行道树。"
magnolia_denudata,白兰树,"形态特征
常绿乔木，树形高大。
叶片革质，花白色，香气浓郁。
观赏与应用
是著名的香花树种，花朵和香气都非常受人喜爱。
常用于庭院绿化和盆栽观赏。"
magnolia_grandiflora,荷花木兰,"形态特征
常绿乔木，树形高大。
叶片厚革质，花大且白，形似荷花。
观赏与应用
是优秀的行道树和庭荫树种，花朵美丽且香气宜人。"
magnolia_macrophylla,美国厚朴,"形态特征
常绿或落叶乔木，具体取决于种类。
叶片和花朵特征与木兰属其他种类相似，但具体形态可能有所不同。
观赏与应用
因其独特的形态和美丽的花朵而具有观赏价值。"
magnolia_stellata,星花木兰,"形态特征
花朵可能具有特殊的星形或其他独特形状。
观赏与应用
因其独特的花朵形态而具有较高的观赏价值。"
magnolia_tripetala,三瓣木兰,"形态特征
花朵可能具有独特的三瓣或近似三瓣的结构，与其他木兰品种相比，其花瓣数量或排列方式较为特殊。
花色可能因品种而异，多为白色、粉色或淡紫色。
观赏与应用
因其独特的花朵形态而具有较高的观赏价值，适合用于庭院绿化、花坛布置或盆栽观赏。"
magnolia_virginiana,弗吉尼亚木兰,"形态特征
落叶乔木，树形优美。
叶片宽大，深绿色，有光泽。
花朵大而香，通常为白色或淡粉色，花瓣厚实，质感如丝绒。
观赏与应用
是弗吉尼亚州的州花，具有极高的观赏价值。
常用于庭院绿化、公园景观和行道树种植。"
malus_baccata,山荆子,"形态特征
落叶乔木，树形高大。
叶片椭圆形至卵形，边缘有锯齿。
春季开花，花朵小而密集，白色或淡粉色。
果实为小球形，成熟时呈黄色或红色，可食用但味道酸涩。
观赏与应用
春季观花，秋季观果，是优秀的观赏树种。
木材也具有一定的经济价值。"
malus_coronaria,美国海棠,"形态特征
落叶灌木或小乔木，树形紧凑或开张。
叶片形态和大小因品种而异。
花朵大而艳丽，多为粉色、红色或白色，有时带有条纹或斑点。
果实形状和大小也各不相同，有的品种果实可食用。
观赏与应用
是优秀的观花和观果树种，常用于庭院绿化和盆栽观赏。"
malus_floribunda,多花海棠,"形态特征
与其他海棠品种相似，但花朵数量更多，花期更长。
花朵形态和颜色因品种而异，但通常都非常美丽。
观赏与应用
因其多花特性而具有更高的观赏价值，适合用于花坛布置、庭院绿化或盆栽观赏。"
malus_hupehensis,湖北海棠,"形态特征
落叶乔木或灌木，树形开张。
叶片椭圆形至卵形，边缘有锯齿。
春季开花，花朵小而密集，白色或淡粉色。
果实为小球形，成熟时呈黄色或红色，可食用但味道一般。
观赏与应用
春季观花，秋季观果，是具有一定观赏价值的树种。"
malus_pumila,苹果,"形态特征
树体：苹果树是落叶乔木，通常树木可高至15米，但栽培树木一般只高3-5米左右。树干呈灰褐色，树皮有一定程度的脱落。
枝叶：小枝短而粗，圆柱形，幼嫩时密被绒毛，老枝紫褐色，无毛。叶片椭圆形、卵形至宽椭圆形，长4.5-10厘米，宽3-5.5厘米，先端急尖，基部宽楔形或圆形，边缘具有圆钝锯齿，幼嫩时两面具短柔毛，长成后上面无毛。
花朵：苹果是异花授粉植物，大部分品种自花不能结成果实。花为伞形花序，具3-7花，集生于小枝顶端，花梗长1-2.5厘米，密被绒毛。花瓣倒卵形，长1.5-1.8厘米，白色，含苞时带粉红色。
营养价值：苹果富含矿物质和维生素，如可溶性固形物、总糖、总酸和维生素C等，对人体健康有益。
生长习性
花期与果期：苹果树的花期一般集中在4-5月份，果期则因品种而异，一般为7-10月。早熟品种果实成长期较短，晚熟品种则较长。
适应性：苹果树适应性强，能在多种土壤类型和气候条件下生长。但一般来说，它更喜欢温暖湿润、阳光充足的环境。"
metasequoia_glyptostroboides,水杉,"形态特征
落叶乔木，树形高大挺拔。
叶片呈条形，秋季变为深红色。
观赏与应用
是著名的观赏树种，特别是秋季的叶色变化非常美丽。"
morus_alba,桑,"形态特征
落叶乔木或灌木，叶片绿色，果实为桑葚。红果桑的果实成熟时呈红色。
观赏与应用
果实可食用，营养丰富。
树形和叶片也具有一定的观赏价值。"
morus_rubra,红果桑,"形态特征
落叶乔木或灌木，叶片绿色，果实为桑葚。红果桑的果实成熟时呈红色。
观赏与应用
果实可食用，营养丰富。
树形和叶片也具有一定的观赏价值。"
nyssa_sylvatica,多花蓝果树,"形态特征
落叶乔木，树形高大。叶片掌状分裂，秋季变为金黄色。果实为核果，成熟时呈蓝黑色。
观赏与应用
是优秀的秋色叶树种，秋季的叶色变化尤为美丽，也适合作为湿地或水边的观赏树种。"
ostrya_virginiana,弗吉尼亚铁木,"形态特征
常绿或落叶乔木（具体取决于种类），木材坚硬，常用于制作家具和工艺品。
观赏与应用
树形优美，叶片和果实也具有一定的观赏价值。"
oxydendrum_arboreum,酸模树,"形态特征
落叶灌木或小乔木，叶片宽大，秋季变为红色。果实为翅果，具有观赏价值。
观赏与应用
秋季的叶色变化美丽，适合作为观赏树种。"
paulownia_tomentosa,毛泡桐,"形态特征
落叶乔木，生长迅速。叶片大而宽，背面密被星状绒毛。花朵大而美丽，呈紫色或白色。
观赏与应用
是优秀的观赏树种和行道树，木材也具有一定的经济价值。"
phellodendron_amurense,黄檗,"形态特征
落叶乔木，树皮灰褐色，有浅纵裂纹。叶片纸质，奇数羽状复叶。果实为浆果状核果，成熟时黑色。
观赏与应用
树皮和叶片具有一定的观赏价值，同时其木材和树皮也是重要的中药材来源。"
picea_abies,欧洲云杉,"形态特征
乔木，在原产地高达60米，胸径达4-6米。
幼树树皮薄，老树树皮厚，裂成小块薄片。
小枝常下垂，幼枝淡红褐或桔红色，无毛或疏被毛。
冬芽圆锥形，先端尖，芽鳞淡红褐色，上部芽鳞反卷。
叶四棱状条形，直或弯，先端尖，横切面斜方形，四面有粉白色气孔线。
球果圆柱形，长10-15厘米，稀达18.5厘米，成熟时褐色；种子长约4毫米，种翅长约16毫米。
生长环境
耐阴能力较强，喜酸性至微酸性的棕土或褐棕土。
分布于年平均412℃、年降水量400900毫米、年相对湿度60%以上的高山地带或高纬度地区。
抗寒性较强，能忍受-30℃以下低温，但嫩枝抗霜性较差。
主要价值
观赏：树形美观，成年大树树冠尖塔形，枝条浓密，针叶鲜绿色，新叶黄绿色，是优美的庭园树种。
经济：木材可作电杆、枕木、桥梁等用材，还可用于制作乐器、滑翔机等，并是造纸的原料。针叶含油，可提取芳香油，树皮可提取单宁。"
picea_orientalis,高加索云杉,"形态特征
常绿乔木，在产地高达60米，胸围4米，树冠圆锥形。
树皮棕褐色，呈鳞片状剥落。
嫩枝细，光滑，淡棕色，密生长柔毛；芽圆锥形，渐尖，芽鳞栗褐色。
叶在嫩枝上为圆锥状、二列，上部的通常覆盖状，整齐，先端尖锐；下部的左、右展开，深绿色，有光泽，先端钝斜或圆。
球果窄圆柱形，顶端渐尖，成熟时变为褐色；种子带黑色，长0.4厘米，连翅长约1.3厘米。
生长环境
生长于低海拔到海拔2600米的山地。
耐荫、喜潮湿，通常生长在棕色森林土壤上，也出现在石质和岩石斜坡上。
主要价值
木材质量良好，用途广泛，包括建筑、地板、木工、家具制造和乐器零件。
嫩芽尖可制成提神茶，富含维生素C。"
picea_pungens,蓝粉云杉,"形态特征
常绿乔木，株高9-15米，冠幅3-6米，树形柱状至金字塔状，结构紧凑。
树皮灰色，一年生小枝棕褐色。
叶四棱，锐尖粗壮，呈蓝灰绿色，螺旋状排列在灰色小枝上，向上弯曲生长，有灰绿色蜡粉。
雄球花卵圆形单生，个大且呈黄绿色，聚生新枝顶端；球果柱形，呈绿色，成熟时淡灰褐色。
生长环境
原产于北美地区，分布于美国亚利桑那州、爱达荷州、犹他州、怀俄明州和科罗拉多州。"
pinus_bungeana,白皮松,"形态特征
常绿乔木，树皮灰白色，呈不规则鳞片状脱落。叶片三针一束，球果较大。
观赏与应用
树形优美，树皮独特，是优秀的观赏树种和园林树种。"
pinus_cembra,瑞士松,"形态特征
具体形态因种类而异，但通常为常绿乔木，叶片呈针状。
观赏与应用
在园林和造林中有广泛应用。"
pinus_densiflora,赤松,"生长环境
喜光，抗风力强，能耐贫瘠土壤，不耐盐碱土，常生于温带沿海山区及平原地带。
经济价值
赤松木材纹理直，质地坚硬，结构较细，耐腐力强，可用于制作电杆、枕木、家具、火柴杆等。
种子可榨油，供食用及工业用；针叶也可提取芳香油。
因其抗风力较强，还可作辽东半岛等沿海山地的造林树种。"
pinus_echinata,萌芽松,"生长环境
主要生长在海拔150-600米山麓，各种各样的土壤均能生长，但在排水良好，湿润的砂质壤土或粉质壤土上生长较好。
经济价值
主要用于木材、胶合板、其他结构材料和纸浆，有时被用作常绿观赏植物和城市地区的屏障。"
pinus_flexilis,软叶五针松,"经济价值
树姿优美，木材可供建筑、家具、造船等多种用途，种子、树皮及树脂都具有很高的营养价值和药用价值。"
pinus_koraiensis,红松,"形态特征
树高与树幅：树高可达30-50米（有资料称可达50米），树幅可达25至35英尺（约7.6至10.7米）。
树皮：幼树树皮灰褐色，近平滑；大树树皮灰褐色或灰色，纵裂成不规则的长方鳞状块片脱落，内皮红褐色。
枝条：一年生枝密被黄褐或红褐色绒毛；冬芽淡红褐色，长圆状卵圆形，微被树脂。
叶：针叶5针一束，长6-12厘米，粗硬，边缘有细锯齿，树脂道3个，中生。
果：球果圆锥状卵形、圆锥状长卵形或卵状长圆形，长9-14厘米，径6-8厘米，熟时种鳞不张开或微张开；种子倒卵状三角形，长1.2-1.6厘米，微扁，暗紫褐或褐色，无翅。
生态习性
产地与分布：主要分布于中国东北的小兴安岭到长白山一带，以及俄罗斯、日本、朝鲜的部分区域。在中国，红松自然分布区大致与长白山、小兴安岭山系所蔓延的范围相一致。
生境与海拔：生长于高海拔高山带阴坡、半阴坡或湿润肥沃的中山带山坡，海拔范围在150-1800米之间。红松喜光性强，对土壤水分要求较高，不宜过干、过湿的土壤及严寒气候。在温寒多雨，相对湿度较高的气候与深厚肥沃、排水良好的酸性棕色森林土上生长最好。
经济价值
红松是我国东北小兴安岭、长白山林区天然林中主要的森林组成树种，也是东北各地分布较广的主要造林绿化树种之一。红松具有多种经济价值，如用材、造林、食用等。其木材材质较软细致，容易加工，纹理直，结构细，比重适中，是优良的用材树种。"
pinus_nigra,黑松,"经济价值
可作建筑、矿柱、器具、板料及薪炭等用材，亦可提取树脂，造纸或提炼精油。"
pinus_parviflora,大阪松,"特征：常绿针叶树种，日本五针松的栽培变种（品种）之一。叶五针一束，叶色偏黄，植株矮小，姿态古朴苍劲。枝叶紧密，平展，有如层云簇涌之状。
生长环境：为强阳性树种，不耐荫；耐寒性强，忌炎热；耐干旱，不耐水湿。
主要价值：多作为盆景选材，因其芽叶密度高、长势强、色泽好而受喜爱。"
pinus_peucea,马其顿松,"形态特征
植物类型：常绿乔木
枝叶：枝轮生，芽鳞多数，覆瓦状排列。叶有两型，鳞叶（原生叶）单生，螺旋状着生；针叶（次生叶）螺旋状着生，辐射伸展，常2针、3针或5针一束，每束针叶基部由8-12枚芽鳞组成的叶鞘所包。
球果：球花单性，雌雄同株；雌球花单生或2-4个生于新枝近顶端，直立或下垂。球果直立或下垂，第二年（稀第三年）秋季成熟，熟时种鳞张开，种子散出；种子上部具长翅，种翅与种子结合而生。
经济价值
木材：Pinus peuce的木材可用于建筑、家具、农具等多种用途。
其他产品：其种子可榨油，松花粉、松节、松针及松节油等也有一定的药用价值。"
pinus_pungens,刺松,"特征
常绿乔木，高达20米。树皮暗褐色，纵裂，呈薄片状剥落。大枝向上开展，小枝下垂，棕色或带黄色，具3棱。
主要价值
树形优美、耐寒、适应能力强，常用作行道树、隔篱带树种，也是盆景爱好者的素材之一。"
pinus_resinosa,红松,"特征
常绿乔木，树高可达30米，胸径1米。树皮纵裂成不规则的长方鳞状片块，裂片脱落后露出红褐色的内皮。针叶5针一束，球果圆锥状卵圆形。
经济价值
木材轻软、细致、纹理直、耐腐蚀性强，为建筑、桥梁、枕木、家具优良用材；树皮可提取栲胶，树干可采松脂；种子供食用或药用。"
pinus_rigida,刚松,"特征
乔木，在原产地高达25米。幼树树皮灰色或暗灰色，大树树皮暗灰褐色或黑灰色；针叶3针一束，坚硬；球果聚生于小枝基部，圆锥状卵圆形。
生长习性
耐寒、耐旱、耐瘠薄，在土壤肥沃、排水良好、光照充足的地方适宜生长。
主要价值
树形优美，为优良庭园观赏树种；材质松、软，纹理粗，多树脂，与地面接触不朽，耐用，可供建筑材料和做家具等。"
pinus_strobus,美国白松,"特征
乔木，在原产地树高30-50米。树皮厚，深裂，紫色；针叶5针一束，细柔；球果熟时红褐色，窄圆柱形，稍弯曲。
经济价值
主要用于木材、胶合板、其他结构材料和纸浆。"
pinus_sylvestris,欧洲赤松,"特征
常绿乔木，高达35米。树皮灰色或暗灰褐色，裂成鳞状块片脱落；针叶2针一束，深绿色，有光泽；球果成熟前绿色，熟时黄褐色或淡褐色。"
pinus_taeda,火炬松,"特征
常绿乔木，高达30米。树皮灰褐色或暗红褐色，老树皮呈鳞片状开裂；针叶3针一束，较粗硬；球果卵状圆锥形或窄圆锥形，熟时栗褐色。
生长习性
适应性强，耐干旱、瘠薄，能在多种土壤上生长。"
pinus_thunbergii,黑松,"形态特征
幼树树皮暗灰色，老则灰黑色，树冠无毛。
针叶深绿色，有光泽，粗硬。
雄球花淡红褐色，圆柱形；雌球花直立有梗，卵圆形，淡紫红色或淡褐红色。
球果成熟前绿色，熟时褐色，圆锥状卵圆形或卵圆形。
生态习性
喜温暖至高温、湿润至干燥、向阳之地。
树性强健，生长缓慢，寿命长。
耐寒、耐热、耐旱、耐瘠，最宜在土层深厚、土质疏松且含有腐殖质的砂质土壤处生长，也可在海滩盐土地方生长。
应用价值
黑松叶可入药，有祛风活血、明目安神、解毒和燥湿止痒功效。
可作建筑、矿柱、器具、板料及薪炭等用材，亦可提取树脂，造纸或提炼精油。"
pinus_virginiana,矮松,"形态特征
小乔木，在原产地高15米，或可长成30米高的大乔木。
树皮浅裂成鳞状块片；枝平展或下垂，枝皮平滑；枝条每年生长多轮，小枝暗褐红色，有白粉；冬芽矩圆形，深褐色，富树脂。
叶2针一束，长4-8厘米，径约1毫米，刚硬，常扭曲。
球果圆锥状卵圆形或矩圆形，对称，长4-6厘米，红褐色，有光泽，熟时种鳞张开，宿存树上数年不落。"
pinus_wallichiana,乔松,"形态特征
乔木，高达70米，胸径1米以上。
树皮暗灰褐色，裂成小块片脱落；枝条广展，形成宽塔形树冠。
一年生枝绿色，无毛，有光泽，微被白粉；冬芽圆柱状倒卵圆形或圆柱状圆锥形。
针叶5针一束，细柔下垂；球果圆柱形，下垂，中下部稍宽，上部微窄，两端钝，具树脂，种子褐色或黑褐色，椭圆状倒卵形。
生态习性
喜温和凉爽、湿润气候，有一定的耐寒能力，不耐炎热，能适应多种土壤，喜排水良好，最宜深厚、湿润、疏松的中性或微酸性壤土。"
platanus_acerifolia,悬铃木,"形态特征
落叶乔木，枝叶被树枝状及星状绒毛，树皮苍白色，薄片状剥落，表面平滑。
叶互生，大形单叶，有长柄，具掌状脉，掌状分裂，偶有羽状脉而全缘，具短柄，边缘有裂片状粗齿。
花单性，雌雄同株，排成紧密球形的头状花序。
果实由多数小坚果集合成球形的聚花果，小坚果基部围有长绒毛。
生态习性
喜光，喜湿润温暖气候，较耐寒。
适生于微酸性或中性、排水良好的土壤，微碱性土壤虽能生长，但易发生黄化。
根系分布较浅，台风时易受害而倒斜。
抗空气污染能力较强，叶片具吸收有毒气体和滞积灰尘的作用。"
platanus_occidentalis,一球悬铃木,"形态特征
落叶大乔木，高可达35米。
枝条开展，树冠广阔，呈长椭圆形。
树皮灰绿或灰白色，片状脱落。
叶片大，掌状3-5裂，裂片呈阔三角形，边缘有不规则尖齿和波状齿。
花序球形，单性，雌雄同株。
果实聚合成球形，宿存花柱极短。
生长习性
喜光，喜湿润温暖气候，较耐寒。
对土壤要求不严，但适生于微酸性或中性、排水良好的土壤。"
populus_deltoides,美洲黑杨,"形态特征
乔木，高可达30米。
树皮暗灰色，幼树树皮光滑，老时纵裂。
叶三角形或卵状三角形，先端长渐尖，基部截形或宽楔形，边缘具圆锯齿。
花序轴有柔毛，苞片条状分裂，裂片边缘具长毛，雄蕊多数。
蒴果长椭圆形，2瓣裂。
生长习性
喜水湿，耐寒，适应性强。
在土层深厚、肥沃湿润、疏松的土壤上生长最好。"
populus_grandidentata,大齿杨,"形态特征
乔木，树皮灰白色，平滑。
叶大，阔卵形至近圆形，先端渐尖或短渐尖，基部圆形或近心形，边缘具圆齿状粗锯齿。
生长习性
喜阳光，耐寒、耐旱、耐高温、耐水湿。
适应性极强，对土壤条件要求不严，在深厚肥沃、湿润、疏松的土壤上生长最好。"
populus_tremuloides,颤杨,"形态特征
落叶乔木，高达20米。
树皮灰色，小枝细长下垂，红褐色或黄褐色。
叶质柔软，卵状披针形或卵状长椭圆形，边缘具细锯齿。
生长习性
耐寒、耐旱、耐盐碱，适应性强。
常生于河岸、湖畔、沟边等潮湿处。"
prunus_pensylvanica,美国酸樱桃,"形态特征
小乔木或灌木，高可达8米。
叶片椭圆形或卵形，边缘有尖锐重锯齿。
花序伞房状或近伞形，花瓣白色或粉红色。
果实近球形，红色或黄色，味酸。
生长习性
喜光、喜温、喜湿、喜肥的果树。
适合在年均气温10-12℃、年降水量600-700mm、年日照时数2600-2800h以上的气候条件下生长。"
prunus_sargentii,大山樱,"形态特征
高大乔木，高可达25米。
树皮暗褐色，平滑；小枝幼时有毛。
叶片卵状椭圆形或倒卵状椭圆形，边缘有尖锐重锯齿。
花序伞房总状或近伞形，花瓣白色或粉红色。
生长习性
喜光、喜温、喜湿、喜肥的果树。
对土壤适应性广，但以疏松肥沃、排水良好的砂质壤土生长最好。"
prunus_serotina,黑樱桃,"形态特征
木材特征：黑樱桃的木材，即樱桃木（cherrywood），是一种坚固、纹理细密、有光泽的褐色或红色木材，能够获得强烈的光泽。樱桃木可用来精雕，也适合制作橱柜等家具。樱桃木有笔直、规则的纹理，而且有深红色的生长纹路。
植物特征：作为植物，黑樱桃树通常长得较高，具有独特的生长习性和形态特征。其花期在4月，果期在9~11月。
生长环境
黑樱桃树适应于多种土壤类型，包括气候温暖、轻盐碱、石灰岩山地、中性土壤和酸性土壤等。它们常生于海拔200~1100米的溪间水旁山坡土层较厚的疏林中。
在阳光充足的情况下，黑樱桃的花和果实的产量最好。虽然对干燥环境有一定耐受性，但提供肥沃潮湿的土壤并保持根部湿润凉爽的覆根物对其生长最为有利。
经济价值
木材用途：樱桃木因其优良的质地和美观的纹理，被广泛用于家具制作、装饰和镶板饰面等领域。精选的原木还可用来制作刨切单板，用于高档家具的饰面。
果实用途：黑樱桃的果实不仅适合直接食用，还常被用于制作果酱、樱桃馅饼，以及作为酒类、汽水和冰淇淋的调味。"
prunus_serrulata,日本樱花,"形态特征
乔木，树皮灰色。小枝淡紫褐色，无毛，嫩枝绿色，被疏柔毛。
冬芽卵圆形，无毛。
叶片椭圆卵形或倒卵形，长5-12厘米，宽2.5-7厘米，先端渐尖或骤尾尖，基部圆形，稀楔形，边有尖锐重锯齿，齿端渐尖，有小腺体，上面深绿色，无毛，下面淡绿色，沿脉被稀疏柔毛，有侧脉7-10对；叶柄长1.3-1.5厘米，密被柔毛，顶端有1-2个腺体或有时无腺体；托叶披针形，有羽裂腺齿，被柔毛，早落。
花序伞形总状，总梗极短，有花3-4朵，先叶开放，花直径3-3.5厘米；总苞片褐色，椭圆卵形，长6-7毫米，宽4-5毫米，两面被疏柔毛；苞片褐色，匙状长圆形，长约5毫米，宽2-3毫米，边有腺体；花梗长2-2.5厘米，被开展柔毛；萼筒管状，长7-8毫米，宽约3毫米，被疏柔毛；萼片三角状长卵形，长约5毫米，先端渐尖，边有腺齿；花瓣白色或粉红色，椭圆卵形，先端下凹，全缘二裂；雄蕊约32；花柱基部有疏柔毛。
生长习性
性喜阳光和温暖湿润的气候条件，有一定耐寒能力。
对土壤的要求不严，宜在疏松肥沃、排水良好的砂质壤土生长，但不耐盐碱土。"
prunus_subhirtella,八重红枝垂樱,"形态特征
是一种重瓣的枝垂樱花品种，枝条下垂。
花朵为重瓣，花色鲜艳，多为粉红色或红色。
叶片较普通樱花稍大，深绿色。
生长习性
喜光、喜温、喜湿、喜肥的果树。
对土壤适应性广，但以疏松肥沃、排水良好的砂质壤土生长最好。"
prunus_virginiana,北美稠李,"形态特征
乔木，高可达12-15米；树皮黑褐色，粗糙而多裂纹；枝条开展，小枝粗壮，近无毛，红褐色，外被蜡层，无白粉，具多数明显浅褐色皮孔。
叶片椭圆形、长圆形或长圆倒卵形，长6-12厘米，宽3-5厘米，先端渐尖或急尖，基部宽楔形或近圆形，边缘有不规则锐锯齿，上面深绿色，无毛，下面淡绿色，无毛或脉腋具簇生柔毛，侧脉6-8对；叶柄长1-1.5厘米，无毛或幼时被短柔毛，顶端两侧各具1腺体；托叶膜质，线形，先端渐尖，边有腺齿，早落。
生长习性
喜光，稍耐阴，抗寒力较强，喜温暖湿润的气候和深厚肥沃、排水良好的沙质壤土。"
prunus_yedoensis,东京樱花,"形态特征
与日本樱花相似，但通常作为栽培品种，花色更加鲜艳，花朵更为密集。
生长习性
与日本樱花相似，但可能更加适应城市环境或特定气候条件下的栽培。"
pseudolarix_amabilis,金钱松,"形态特征
落叶乔木，高达40米，胸径可达1.5米。
叶片条形，扁平柔软，在长枝上螺旋状散生，在短枝上成簇状平展。
雌雄同株，球花单性。
种子卵圆形，具膜质长翅，顶端钝圆或微凹。
生长习性
喜温暖湿润的气候条件，有一定的耐寒能力。
喜深厚肥沃、排水良好的酸性土壤。"
ptelea_trifoliata,三叶椒,"形态特征
高达8m。树皮褐色，光滑；幼枝初时被短柔毛，黄褐色，第二年变红褐色。掌状复叶互生；小叶多3枚，卵形至椭圆状短圆形，长6-12cm，侧生者多偏斜。伞房花序生于侧枝顶端，阔约4-8cm；花绿白色，径约1cm，花期6月。翅果广椭圆形至圆形，果期9月。 
生长环境
物种喜光，耐寒。
主要价值
秋季叶色变黄，可植公园、庭园观赏或用于风景林配植。"
pyrus_calleryana,豆梨,"形态特征
树高与树形：树高可达5-15米不等，依品种和生长环境而异。树形多样，包括圆锥形、圆柱形、卵圆形等。
叶片：叶片宽卵形至卵形，稀长椭卵形，长4-8厘米，宽3.5-6厘米，先端渐尖，基部圆形至宽楔形，边缘有钝锯齿。柳叶豆梨的叶片呈卵状披针形或长圆披针形，具浅钝锯齿或全缘。
花序与花：伞形总状花序，具花6-12朵，直径4-6毫米，花色纯白，花瓣卵形，长约13毫米，宽约10毫米。
果实：梨果球形，直径约1厘米，黑褐色，有斑点，萼片脱落，2 (3) 室，有细长果梗。不同品种的果实颜色可能有所不同，如棕色等。
观赏价值
春季观花：春季满树白花，花开浓密，色彩明亮，观赏性强。
秋季观叶：立秋后叶子五彩缤纷，有鲜红色、橘色、蓝紫色等，观赏期长且颜色持久。
果实与树形：梨果球形且具有一定的观赏价值；树形多样，能满足多种绿化需求。
应用价值
园林绿化：因其观赏价值高且适应性强，被广泛应用于城市园林绿化中。
生态修复：在低沙低洼、盐碱土等环境恶劣的地区可用作生态修复树种。"
quercus_acutissima,麻栎,"形态特征
落叶乔木，高达30米，胸径达1米，树皮深灰褐色，深纵裂。
幼枝被灰黄色柔毛，后渐脱落，老时灰黄色，具淡黄色皮孔。
叶片形态多样，通常为披针形或椭圆状披针形，顶端渐尖或长渐尖，基部圆形或宽楔形，叶缘有刺芒状锯齿，叶片两面同色，深绿色，无毛或仅背面脉腋有微柔毛。
生长习性
喜光，深根性，对土壤条件要求不严，耐干旱、瘠薄，亦耐水湿，喜钙质土。
适应性强，耐火，萌芽力强，深根性，生长速度中等偏慢，寿命长。"
quercus_alba,壳斗科,"形态特征
常绿或落叶乔木，稀灌木。
单叶，互生，极少轮生（如Trigonobalanus属的一个种），全缘或齿裂，或不规则的羽状裂（如落叶栎类多数种）。
托叶早落。
花单性同株，稀异株，或同序（如Lithocarpus属的多数种），风媒或虫媒。
花被一轮，4-6(-8)片，基部合生，干膜质。
雄花有雄蕊4-12枚，花丝纤细。
雌花1-3-5朵聚生，子房下位，花柱与子房室同数。
坚果有棱角或浑圆，由总苞（involucre）发育而成的壳斗（cupula）脆壳质，木质，角质，或木栓质，包着坚果底部至全包坚果，开裂或不开裂。
经济价值
常为山地常绿阔叶或针叶阔叶混交林的主要上层树种。
是山地水源林的重要成分，也是秦岭南坡以南各地的主要用材树种。
叶和木材含黄酮类化合物，其提取物经水解得到栎酮（quercetin）、杨梅酮（myricetin）等化合物，有些种类尚含栎素（quercitrin）、柚皮苷（naringenin）等。"
quercus_bicolor,双色栎,"形态特征
类似白栎木，但具有特定的生长习性和形态特征。
叶子长期是宽广的卵形体，长12-18厘米，宽7-11厘米，总更或较不绿灰色在下面，并且是浅地有裂片与五到七耳垂在每边。
果子是橡子，长1.5-2厘米（很少2.5厘米），宽1-2厘米，成熟大约6个月在授粉以后。
经济价值
是重要的木材生产树种之一。
近年来，二色栎成为了一棵普遍的使环境美化的树，部分由于它的相对舒适移植。"
quercus_cerris,土耳其栎,"形态特征
大型落叶乔木，高度可达25-40米，直径可达2米。
树皮深灰色有深深的沟痕，成熟的底部树皮发黄。
叶子光滑，长达7-14厘米，宽3-5厘米，每侧有6-12个叶裂，不一定很对称。
花为风媒葇荑花序，橡子长达2.5-4厘米，宽约2厘米，底部黄色渐变为顶部棕绿色，覆盖有4-8毫米的绒毛。
经济价值
橡子是松鶏、鸽子和松鼠的食物。"
quercus_coccinea,赤栎,"形态特征
落叶乔木，具有栎属植物的典型特征。
生长环境
广泛分布于适宜的气候和土壤条件下。
经济价值
作为壳斗科的一员，赤栎同样具有木材生产、生态造林等多方面的经济价值。"
quercus_imbricaria,卵石栎,"形态特征
由于卵石栎的具体形态特征信息较为有限，以下基于一般栎属植物的特性进行推测：
卵石栎可能是一种乔木或灌木，具体高度和胸径因生长环境和年龄而异。
叶片可能呈革质或厚纸质，形状可能为倒卵形、倒卵状椭圆形或长椭圆形，具有较明显的叶脉结构。
果实通常为坚果，外壳坚硬，内含种子，可用于繁殖。
生长环境
卵石栎可能适应多种土壤类型和气候条件，但具体偏好需进一步研究。
它可能生长在山地、丘陵或平原地区，具体分布范围取决于其生态适应性和人类活动的影响。
生态价值
卵石栎作为壳斗科的一员，对维持生态平衡和生物多样性具有重要意义。
它的叶片和果实可能为其他生物提供食物来源和栖息地。
在森林生态系统中，卵石栎可能与其他植物和动物形成复杂的生态关系。
经济价值
卵石栎的木材可能具有特定的物理和化学性质，适用于建筑、家具、农具等领域。
其果实和种子可能具有食用或药用价值，但需进一步研究和开发。
"
quercus_macrocarpa,大果树,"大果栎（Quercus macrocarpa）是一种壳斗科栎属栎亚属栎组（又名白栎组）的植物。
大果栎是一种体型很大的落叶植物，一般可达30公尺高，最高甚至可逹37公尺，直径可达三公尺。
大果栎是一种生长比较缓慢的栎树，在树还是年轻时，一年的生长速度只有30厘米。一棵树龄有20年的大果栎，可有六公尺高。
大果栎可存活至200到300多岁，甚至可能会更长。树皮的颜色为中灰色，而且并不平滑。"
quercus_marilandica,马里兰得栎,"分布
原产于特定地区，具体分布可能因气候和土壤条件而异。
用途
常用于木材加工、园林观赏等。"
quercus_michauxii,密歇根栎,"壳斗科，为重要林木之一，产木材、炭、染料、栓皮和饲养柞蚕等。
落叶或常绿乔木或灌木；叶具短柄。
有锯齿或分裂，稀全缘；花单性同株或异株；雄花排成纤弱的葇荑花序；花被4－7裂；雄蕊4－6，稀更多；雌花少数而不明显，单生或数朵排成穗状花序，包藏于覆瓦状鳞片的腋内；花被6裂；子房3－5室，每室有胚珠2颗；果为具一种子的坚果，多少为木质、鳞片状的总苞（即壳斗）所包围；鳞片刺状或连结成若干个同心的环带。"
quercus_montana,山栎,"壳斗科，为重要林木之一，产木材、炭、染料、栓皮和饲养柞蚕等。落叶或常绿乔木或灌木；叶具短柄。
有锯齿或分裂，稀全缘；花单性同株或异株；雄花排成纤弱的葇荑花序；花被4－7裂；雄蕊4－6，稀更多；雌花少数而不明显，单生或数朵排成穗状花序，包藏于覆瓦状鳞片的腋内；花被6裂；子房3－5室，每室有胚珠2颗；果为具一种子的坚果，多少为木质、鳞片状的总苞（即壳斗）所包围；鳞片刺状或连结成若干个同心的环带。"
quercus_muehlenbergii,黄坚果栎,"特征
黄坚果栎是壳斗科栎属的落叶乔木，具有特定的形态学特征。
用途
黄坚果栎的木材可能用于家具制作、建筑等领域，同时其果实也可能具有食用或药用价值。"
quercus_nigra,黑栎,"特征
黑栎是栎属的一种，以其深色的树皮和木材而著称。
用途
黑栎的木材坚硬且耐腐蚀，常用于制作家具、地板等。"
quercus_palustris,沼泽栎,"特征
沼生栎是壳斗科栎属的落叶乔木，树皮暗灰褐色，略平滑；叶片卵形或椭圆形，顶端渐尖；花期4-5月，果期翌年9月。
用途
沼生栎耐干燥、耐高温、喜光照、抗霜冻、抗风、抗空气污染，是优良的造林及观赏树种。其坚果含淀粉、单宁、油脂和蛋白质等成分，具有一定的经济价值。"
quercus_phellos,柳叶栎,"壳斗科，为重要林木之一，产木材、炭、染料、栓皮和饲养柞蚕等。
落叶或常绿乔木或灌木；叶具短柄。
有锯齿或分裂，稀全缘；花单性同株或异株；雄花排成纤弱的葇荑花序；花被4－7裂；雄蕊4－6，稀更多；雌花少数而不明显，单生或数朵排成穗状花序，包藏于覆瓦状鳞片的腋内；花被6裂；子房3－5室，每室有胚珠2颗；果为具一种子的坚果，多少为木质、鳞片状的总苞（即壳斗）所包围；鳞片刺状或连结成若干个同心的环带。"
quercus_robur,夏栎,"特征
夏栎是欧洲常见的栎树种类，具有高大的树冠和坚硬的木材。
用途
夏栎的木材是制作家具、地板和酒桶的优良材料。同时，其树形优美，也是园林观赏的佳品。"
quercus_shumardii,舒马栎,"基本信息
舒马栎是植物界被子植物门木兰纲蔷薇亚纲蔷薇超目壳斗目壳斗科栎属植物。
特征
无具体形态特征描述，但一般栎属植物具有坚硬的木材和独特的叶形。
用途
栎属木材常用于家具制作、建筑等领域。"
quercus_stellata,星毛栎,"基本信息
星毛栎是橡树的一种，主要分布于北美洲的美国。
特征
小树，通常10-15米高，树干直径30-60厘米，有时可达30米高，直径140厘米。叶革质，绒毛覆盖，下方密集短毛茸茸。叶形独特，与三个垂直终端像马耳他十字状。
用途
木材坚硬、坚韧和耐腐烂，常用于栅栏等木材制品。"
quercus_velutina,美国绒毛栎,"基本信息
美国绒毛栎是植物界被子植物门木兰纲蔷薇亚纲蔷薇超目壳斗目壳斗科栎属植物。
特征
未提供具体形态特征描述，但可能具有栎属植物的共同特点。
用途
栎属木材的通用用途，如家具制作、建筑等。"
quercus_virginiana,弗吉尼亚栎,"基本信息
弗吉尼亚栎是壳斗科栎属的常绿乔木。
特征
单叶互生，椭圆倒卵形，叶形多变，全缘或边缘具不规则刺状，略外卷；叶表面有光泽，新叶黄绿渐转略带红色，老叶暗红；树冠拱形，树形优美；根系发达，萌生性强。
用途
因其优良的适应性和低管护等优点，在长三角沿海地区有较大的生长优势，是盐碱地阔叶常绿树种。同时，其木材也可用于建筑、家具等领域。"
robinia_pseudo-acacia,刺槐,"基本信息
刺槐也被称为洋槐，是豆科刺槐属落叶乔木。
特征
树皮灰褐色，深纵裂；枝上有刺；叶为羽状复叶，呈椭圆形或卵形；花芳香，花柱钻形；荚果线状长圆形，褐色或具红褐色斑纹。
用途
材质硬重，抗腐耐磨，可供枕木、车辆等用材；生长快，萌芽力强，既是速生薪炭林树种，又是优良的蜜源植物。此外，对二氧化硫、氯气、光化学烟雾等的抗性都较强。"
salix_babylonica,垂丝柳,"基本信息
垂丝柳是柽柳科柽柳属植物，也被称为西河柳、三春柳、赤柽柳。
特征
植株高大，枝条纤细，柔弱倒垂；叶很小，呈蓝绿色，作鳞片状；夏日抽生穗状的总状花序，开紫红色小花。
用途
具有疏风清热、发表透疹、清凉解毒的功效，主要适用于小儿麻疹、水痘、感冒发热等疾病。"
salix_caroliniana,卡罗莱纳柳,"特征特性：
多年生树种，性成熟较早，通常在3龄时达到性成熟。
叶片狭长，叶两面鲜绿色，无毛无粉。
开花期在4月中旬，落叶期在10月中旬。
生长习性：
强度耐旱、耐寒，适应寒带气候。
主要用途：
生态造林。
作为育种亲本。"
salix_matsudana,旱柳,"特征特性：
乔木植物，植株较高，大枝斜上，树冠广圆形。
树皮暗灰黑色，有裂沟；枝细长，直立或斜展，无毛。
叶披针形，先端长渐尖；花序与叶同时开放，雄花序圆柱形，雌花序较雄花序短。
生长习性：
喜光，耐寒，湿地、旱地皆能生长，适宜在湿润而排水良好的土壤生长。
主要用途：
常用作庭荫树、行道树，亦用作公路树、防护林及沙荒造林。
木材坚韧、花纹秀丽，宜制作家具或用于雕刻。"
salix_nigra,北美黑柳,"特征与应用：
具有观赏价值。
木材、内皮和芽可食用。
皮和叶有药用价值，但需注意其含水杨苷，过量摄入可能引起中毒。"
sassafras_albidum,白檫木,"特征特性：
乔木，高至35米，树皮具沟纹。
小枝浅绿色，具深橄榄色斑纹。
叶片卵形到椭圆形，互生，不裂或2-3浅裂。
花序5厘米，丝状短柔毛；花苞片1厘米；花被黄绿色。
生长环境：
属亚热带气候植物，几乎所有土壤类型上都可以生长，但在潮湿、排水良好、沙壤土上的开阔树林中生长较好。
主要用途：
为各种商业和家庭用途提供木材和树皮。
叶子用于浓汤。
木材用于制桶、水桶、柱子和家具。"
staphylea_trifolia,美国省沽油,"特征与应用：
种子油可制肥皂及油漆。
茎皮可作纤维。
生长发育与光照有密切关系，是阳性偏耐阴性树种。"
stewartia_pseudocamellia,夏椿,"特征与应用：
椿树在我国广泛分布，是阳性树种，常见于向阳山坡或灌丛中。
木材坚硬耐用，是优质的桥梁和家具用材。
茎皮纤维可用于制造人造棉和绳索。
含有多种药用成分，但臭椿含有小量毒素，需慎用。"
styrax_japonica,野茉莉,"形态特征：
叶互生，纸质或近革质，椭圆形或卵状椭圆形。
总状花序顶生，花白色，花冠裂片卵形、倒卵形或椭圆形。
果卵形，顶端具短尖头；种子褐色，有深皱纹。
生长环境：
分布于中国黄河流域以南各省，朝鲜和日本也有分布。
喜生于酸性、疏松肥沃、土层较深厚的土壤中。
主要价值：
药用：可用于治疗风火牙痛、喉痛及风湿痹痛等。
观赏：花美丽、芳香，可作庭园观赏植物。
经济：种子油可作肥皂或机器润滑油，油粕可作肥料；木材可作器具、雕刻等细工用材。"
taxodium_distichum,落羽杉,"形态特征：
树干尖削度大，基部通常膨大，具膝状呼吸根。
叶线形，在小枝上排列呈羽毛状。
球果具短柄，熟时淡褐黄色，被白粉。
生长环境：
原产北美东南部，中国广州、杭州、南京及武汉等地有引种栽培。
喜温暖、湿润和阳光充足的环境，耐寒，宜土层深厚、肥沃的酸性壤土中生长。
主要价值：
观赏：树形优美，羽毛状的叶丛秀丽，入秋后树叶变为铜锈色，是良好的秋色观叶树种。
经济：木材重，纹理直，结构较粗，硬度适中，耐腐力强，可作建筑、电杆、家具、造船等用。"
tilia_americana,美洲椴,"形态特征：
树冠呈半圆形，枝叶浓密舒展。
树皮为灰色至浅棕色，叶互生，卵形至心形。
生长环境：
原产于北美，现中国多地有引种栽培。
耐干旱耐水湿，对土壤的干湿、酸碱都不敏感。
主要价值：
经济：叶子可作为牲畜饲料，也是优质的蜜源植物，树皮可用来做绳子，木质轻软，易于雕刻。
观赏：是优秀的园林绿化树种，观赏性极佳。"
tilia_cordata,心叶椴,"形态特征：
叶近圆形，长2-8厘米，基部心形。
花淡黄色，有5片花瓣，芳香。
果近球形，径4-8厘米，木质，灰绿色。
生长环境：
原产自英国西部石灰石悬崖和潮湿的林地中，中国多地有引种栽培。
较耐阴，喜光，耐寒，抗烟尘。
主要价值：
观赏：干形通直，是珍贵的绿化用材树种。
经济：树皮可作纤维，果实能作咖啡代用品。"
tilia_europaea,欧洲椴,"形态特征
落叶乔木，树形优美，茎皮富含纤维。
小叶5-7-9（-13），叶片卵形披针形。
雄蕊柔荑花序，有花序梗，苞片有鳞片；花药多毛。
果实棕色，外壳粗糙；坚果浅棕色。
主要价值
木材可用于制造工具、家具手柄、镶板、销钉、梯子、棒材、板条箱、托盘和地板。
也适合用作木炭和薪柴。
深侧根使其成为流域保护的宝贵物种。"
tilia_tomentosa,银毛椴,"形态特征
落叶乔木，植株高度可达20-35米，树干直径可达2米。
叶互生，圆形至三角卵形，叶面绿色，叶背白色，密生白色绵毛。
花淡黄色，两性花，聚伞花序，每个花序约有3-10朵花。
果实为核果，长约0.8-1厘米，外表覆有绒毛。
主要价值
树体高大雄伟，树形优美，适合做行道树、庭荫树等。
具有强抗逆性，能适应不同类型的土壤，耐移栽，成活率高，生长速度快。
是最具空气净化能力的树种之一，可以保持周边空气湿润，减弱噪音，吸附空气中的小颗粒。"
tsuga_canadensis,加拿大铁杉,"形态特征
常绿乔木，高20-30米，胸围3-4米。
树冠圆头状，老树树皮棕褐色，鳞片状开裂。
叶梳状排列，小枝上面的叶较短，下面有2条明显的白色气孔带。
主要价值
轻质木材被当作粗木使用，广泛用于家具制造和建筑行业。
树皮是鞣制皮革的好材料。
稍矮的种源枝条下垂、叶色淡黄，具有较强的耐荫性，是城市绿化的优良观赏树种。"
ulmus_americana,美国榆,"形态特征
落叶乔木，高达40米；树皮灰色，不规则纵裂。
小枝幼时有细毛或几无毛；冬芽卵圆形。
叶卵形或卵状椭圆形，长4-15厘米。
主要价值
可用作行道树。
木材可用于装饰装修。"
ulmus_glabra,光叶榆,"形态特征
乔木，高达40米；树皮灰色，平滑。
分枝展开到下垂，小枝缺乏木栓质翅；嫩枝灰色到红棕色。
叶片椭圆形到倒卵形，背面浅绿色，正面深绿色。
主要价值
木材坚固、耐用且防水，可用于制造船只、船只部件、家具、木制水管、地板。
也用于观赏绿化。"
ulmus_parvifolia,榔榆,"形态特征
落叶乔木，高达25米，胸径可达1米。
树皮灰色或灰褐，裂成不规则鳞状薄片剥落，露出红褐色内皮。
叶质地厚，披针状卵形或窄椭圆形，边缘有钝而整齐的单锯齿。
花秋季开放，成簇状聚伞花序，翅果椭圆形或卵状椭圆形。
生长习性
喜光，喜温暖、湿润气候，耐干旱，在酸性、中性及碱性土上均能生长，但以气候温暖，土壤肥沃、排水良好的中性土壤为最适宜的生境。
对有毒气体烟尘抗性较强。
主要价值
材质坚韧，纹理直，耐水湿，可供制家具、车辆、船、器具、农具等用。
树皮纤维纯细，杂质少，可作蜡纸及人造棉原料，或织麻袋、编绳索。
还可作药用，其提取物有抗脂质过氧化作用。"
ulmus_procera,英国榆,"形态特征
株高20~45米，树干直立生长。
叶片长5~8厘米，叶缘齿状，呈深绿色，在秋季叶片会变成明亮的黄色。
果实呈灰绿色。
生长习性
喜光，喜温暖湿润气候，耐干旱瘠薄。
主要价值
可用做行道树，适宜大中型景观造景。
木材可用于制家具、细木工制品、木材器皿、制造座椅、棺材、居室地板等。"
ulmus_pumila,榆,"形态特征
落叶乔木，高达25米，胸径1米。
幼树树皮平滑，灰褐色或浅灰色，大树之皮暗灰色，不规则深纵裂，粗糙。
叶椭圆状卵形等，叶面平滑无毛，叶背幼时有短柔毛，后变无毛或部分脉腋有簇生毛。
生长习性
喜光，耐旱，耐寒，耐瘠薄，不择土壤，适应性很强。
根系发达，抗风力、保土力强。
主要价值
木材可用于多种用途，如家具、建筑等。
具有抗污染性，可作绿化树种。"
ulmus_rubra,北美红榆,"特征简述
北美红榆是北美地区的一种榆树，因其木材颜色偏红而得名。
具体形态特征、生长习性和分布范围可能因品种和生长环境而异。
主要价值
木材通常具有优良的物理和机械性能，广泛用于家具、建筑和木制品等领域。"
zelkova_serrata,榉树,"形态特征
高度与胸径：榉树株高达30米，胸径可达1米，树形优美。
树皮：树皮灰白色或褐灰色，呈不规则的片状剥落。
枝条：当年生枝紫褐色或棕褐色，覆盖稀疏短柔毛，后渐脱落。
叶片：叶呈卵形、椭圆形或卵状披针形，先端渐尖或尾尖，基部稍偏斜，秋叶呈多种颜色。叶片大小形状变异很大，长2～9厘米，宽1～4厘米。
花朵与果实：雄花梗极短，雌花近乎无梗；核果呈斜卵状圆锥形，上面较偏斜，直径约4毫米，具背腹脊，网肋明显，无毛，具宿存的花被。花期4月，果期10月。
生态习性
光照与气候：榉树性喜光，喜温暖气候。
土壤：喜肥沃湿润土壤，在微酸性、中性、石灰质土及轻盐碱土上均能生长，但要求排水顺畅，不耐干旱且忌积水。
生长环境：多生于河谷和溪边疏林中，海拔500-1900米。在华东地区常有栽培，在湿润肥沃土壤长势良好。
主要价值
观赏价值：榉树作为形色兼美的景观树种，在公园、风景区、小区绿化等地应用广泛，能够与其他植物搭配成多种景观。
经济价值：榉树木材是高档家具及装饰主要用材，明清江南地区民间流传着“无榉不成俱”的说法。其木材致密坚硬、纹理美观，不易伸缩变形、耐腐力强，可供家具、桥梁、车辆、造船和各类工艺品用材。
文化寓意：“榉”谐音“举”，且“硬石种榉”与“应试中举”谐音，故木石奇缘又含祥瑞征兆，是对美好生活的一种寄托与向往。同时，榉树生长健壮，寿命长，还有福泽、长寿的寓意。"
